{
  "success":true,
  "terms":"https:\/\/currencylayer.com\/terms",
  "privacy":"https:\/\/currencylayer.com\/privacy",
  "timestamp":1606149666,
  "source":"USD",
  "quotes":{
    "USDAED":3.670195,
    "USDAFN":77.000421,
    "USDALL":104.050303,
    "USDAMD":505.319631,
    "USDANG":1.795676,
    "USDAOA":654.375013,
    "USDARS":80.298336,
    "USDAUD":1.375336,
    "USDAWG":1.8,
    "USDAZN":1.706202,
    "USDBAM":1.643596,
    "USDBBD":2.019883,
    "USDBDT":84.827389,
    "USDBGN":1.654406,
    "USDBHD":0.377001,
    "USDBIF":1943,
    "USDBMD":1,
    "USDBND":1.341149,
    "USDBOB":6.897569,
    "USDBRL":5.443549,
    "USDBSD":1.000361,
    "USDBTC":5.4998487e-5,
    "USDBTN":74.083246,
    "USDBWP":11.053706,
    "USDBYN":2.552669,
    "USDBYR":19600,
    "USDBZD":2.016437,
    "USDCAD":1.309755,
    "USDCDF":1968.000417,
    "USDCHF":0.91364,
    "USDCLF":0.02796,
    "USDCLP":771.500322,
    "USDCNY":6.586009,
    "USDCOP":3637.72,
    "USDCRC":603.216888,
    "USDCUC":1,
    "USDCUP":26.5,
    "USDCVE":93.249752,
    "USDCZK":22.285977,
    "USDDJF":178.088523,
    "USDDKK":6.29733,
    "USDDOP":58.350494,
    "USDDZD":128.595002,
    "USDEGP":15.639698,
    "USDERN":14.99979,
    "USDETB":37.895628,
    "USDEUR":0.845895,
    "USDFJD":2.095501,
    "USDFKP":0.752326,
    "USDGBP":0.752385,
    "USDGEL":3.315007,
    "USDGGP":0.752326,
    "USDGHS":5.835028,
    "USDGIP":0.752326,
    "USDGMD":51.749886,
    "USDGNF":9799.999598,
    "USDGTQ":7.792886,
    "USDGYD":209.206955,
    "USDHKD":7.75161,
    "USDHNL":24.319851,
    "USDHRK":6.394197,
    "USDHTG":64.148676,
    "USDHUF":305.52003,
    "USDIDR":14198.4,
    "USDILS":3.35163,
    "USDIMP":0.752326,
    "USDINR":74.24775,
    "USDIQD":1190,
    "USDIRR":42104.999659,
    "USDISK":136.079799,
    "USDJEP":0.752326,
    "USDJMD":147.370279,
    "USDJOD":0.708977,
    "USDJPY":104.498993,
    "USDKES":109.602599,
    "USDKGS":84.796798,
    "USDKHR":4049.999665,
    "USDKMF":416.949859,
    "USDKPW":900.026401,
    "USDKRW":1116.269813,
    "USDKWD":0.305898,
    "USDKYD":0.83362,
    "USDKZT":425.842125,
    "USDLAK":9280.000305,
    "USDLBP":1517.000332,
    "USDLKR":185.366958,
    "USDLRD":156.874989,
    "USDLSL":15.430302,
    "USDLTL":2.95274,
    "USDLVL":0.60489,
    "USDLYD":1.35497,
    "USDMAD":9.115031,
    "USDMDL":17.211442,
    "USDMGA":3927.497823,
    "USDMKD":51.792544,
    "USDMMK":1306.983172,
    "USDMNT":2857.692333,
    "USDMOP":7.987462,
    "USDMRO":357.000515,
    "USDMUR":39.900861,
    "USDMVR":15.410262,
    "USDMWK":765.000068,
    "USDMXN":20.128025,
    "USDMYR":4.092501,
    "USDMZN":73.870129,
    "USDNAD":15.43028,
    "USDNGN":381.200677,
    "USDNIO":34.869588,
    "USDNOK":9.06282,
    "USDNPR":118.530906,
    "USDNZD":1.44791,
    "USDOMR":0.384994,
    "USDPAB":1.000361,
    "USDPEN":3.59225,
    "USDPGK":3.530028,
    "USDPHP":48.295726,
    "USDPKR":160.749895,
    "USDPLN":3.786097,
    "USDPYG":7037.236233,
    "USDQAR":3.641007,
    "USDRON":4.1214,
    "USDRSD":99.439726,
    "USDRUB":76.347797,
    "USDRWF":988.5,
    "USDSAR":3.75046,
    "USDSBD":8.067292,
    "USDSCR":20.790404,
    "USDSDG":55.34939,
    "USDSEK":8.65295,
    "USDSGD":1.34544,
    "USDSHP":0.752326,
    "USDSLL":10574.244979,
    "USDSOS":582.999803,
    "USDSRD":14.153991,
    "USDSTD":21031.906016,
    "USDSVC":8.753162,
    "USDSYP":512.941386,
    "USDSZL":15.43015,
    "USDTHB":30.360146,
    "USDTJS":11.331714,
    "USDTMT":3.5,
    "USDTND":2.746502,
    "USDTOP":2.295505,
    "USDTRY":7.872397,
    "USDTTD":6.790171,
    "USDTWD":28.540998,
    "USDTZS":2319.865039,
    "USDUAH":28.394077,
    "USDUGX":3707.404388,
    "USDUSD":1,
    "USDUYU":42.845798,
    "USDUZS":10382.501669,
    "USDVEF":9.987499,
    "USDVND":23178.5,
    "USDVUV":112.053572,
    "USDWST":2.569544,
    "USDXAF":551.247531,
    "USDXAG":0.042568,
    "USDXAU":0.000545,
    "USDXCD":2.70255,
    "USDXDR":0.701794,
    "USDXOF":553.499662,
    "USDXPF":101.130166,
    "USDYER":250.406089,
    "USDZAR":15.43315,
    "USDZMK":9001.210149,
    "USDZMW":20.99784,
    "USDZWL":321.999941
  }
}